Indicator;IndicatorDisplay;HTF;Symbol;Direction;ParamA;ParamB;Length;Factor;ATRStopMultValue;ATRStopMult;MinHoldBars;FinalEquity;Trades;WinRate;MaxDrawdown;TradesCSV
supertrend;Supertrend;6h;ADA/USDC;Long;7;4,0;7;4,0;;None;24;14591,11259822006;32;0,75;153,53731580788917;report_html/supertrend_6h/trades_ADA_USDC_supertrend_best.csv
supertrend;Supertrend;6h;BTC/USDC;Long;7;4,0;7;4,0;1,0;1.0;12;14057,710258635218;43;0,4186046511627907;137,86533728566064;report_html/supertrend_6h/trades_BTC_USDC_supertrend_best.csv
supertrend;Supertrend;6h;ETH/USDC;Long;10;3,0;10;3,0;;None;24;14662,969998757126;51;0,7254901960784313;181,63482561867022;report_html/supertrend_6h/trades_ETH_USDC_supertrend_best.csv
supertrend;Supertrend;6h;ICP/USDC;Long;14;2,0;14;2,0;2,0;2.0;12;14443,425520198623;68;0,6323529411764706;424,8887503905444;report_html/supertrend_6h/trades_ICP_USDC_supertrend_best.csv
supertrend;Supertrend;6h;LINK/USDC;Long;10;3,0;10;3,0;;None;24;14685,715002002853;61;0,7540983606557377;265,7630977359713;report_html/supertrend_6h/trades_LINK_USDC_supertrend_best.csv
supertrend;Supertrend;6h;SOL/USDC;Long;14;4,0;14;4,0;1,5;1.5;0;14389,553548631215;49;0,6122448979591837;187,7656741026385;report_html/supertrend_6h/trades_SOL_USDC_supertrend_best.csv
supertrend;Supertrend;6h;SUI/USDC;Long;10;4,0;10;4,0;2,0;2.0;0;14629,501109081719;40;0,775;125,87286355527431;report_html/supertrend_6h/trades_SUI_USDC_supertrend_best.csv
supertrend;Supertrend;6h;TNSR/USDC;Long;7;4,0;7;4,0;2,0;2.0;0;14298,672198640079;53;0,6792452830188679;283,54850016804994;report_html/supertrend_6h/trades_TNSR_USDC_supertrend_best.csv
supertrend;Supertrend;6h;XRP/USDC;Long;14;3,0;14;3,0;;None;24;15087,731263797252;73;0,7808219178082192;201,72284263889014;report_html/supertrend_6h/trades_XRP_USDC_supertrend_best.csv
